,usage,demand,actual_limit
0,0.0,0.0,3.0099998333341667
1,0.0,0.0,3.019998666693333
2,0.0,0.0,3.029995500202496
3,0.0,0.0,3.039989334186634
4,0.0,0.0,3.0499791692706784
5,0.0,0.0,3.0599640064794444
6,0.0,0.0,3.0699428473375328
7,0.01,0.01,3.079914693969173
8,0.01,0.01,3.089878549198011
9,0.01,0.01,3.099833416646828
10,0.01,0.01,3.1097783008371747
11,0.01,0.01,3.119712207288919
12,0.01,0.01,3.129634142619695
13,0.01,0.01,3.1395431146442365
14,0.01,0.01,3.149438132473599
15,0.011000000000000001,0.011000000000000001,3.159318206614246
16,0.011000000000000001,0.011000000000000001,3.169182349066996
17,0.011000000000000001,0.011000000000000001,3.179029573425824
18,0.011000000000000001,0.011000000000000001,3.1888588949765007
19,0.011000000000000001,0.011000000000000001,3.1986693307950613
20,0.011000000000000001,0.011000000000000001,3.2084598998461
21,0.011000000000000001,0.011000000000000001,3.2182296230808696
22,0.011000000000000001,0.011000000000000001,3.2279775235351886
23,0.012100000000000001,0.012100000000000001,3.2377026264271347
24,0.012100000000000001,0.012100000000000001,3.247403959254523
25,0.012100000000000001,0.012100000000000001,3.2570805518921553
26,0.012100000000000001,0.012100000000000001,3.2667314366888314
27,0.012100000000000001,0.012100000000000001,3.2763556485641137
28,0.012100000000000001,0.012100000000000001,3.2859522251048356
29,0.012100000000000001,0.012100000000000001,3.29552020666134
30,0.012100000000000001,0.012100000000000001,3.3050586364434436
31,0.013310000000000002,0.013310000000000002,3.314566560616118
32,0.013310000000000002,0.013310000000000002,3.3240430283948683
33,0.013310000000000002,0.013310000000000002,3.3334870921408144
34,0.013310000000000002,0.013310000000000002,3.3428978074554516
35,0.013310000000000002,0.013310000000000002,3.3522742332750903
36,0.013310000000000002,0.013310000000000002,3.361615431964962
37,0.013310000000000002,0.013310000000000002,3.370920469412983
38,0.013310000000000002,0.013310000000000002,3.3801884151231616
39,0.014641000000000003,0.014641000000000003,3.389418342308651
40,0.014641000000000003,0.014641000000000003,3.398609327984423
41,0.014641000000000003,0.014641000000000003,3.4077604530595704
42,0.014641000000000003,0.014641000000000003,3.416870802429211
43,0.014641000000000003,0.014641000000000003,3.425939465066
44,0.014641000000000003,0.014641000000000003,3.4349655341112304
45,0.014641000000000003,0.014641000000000003,3.44394810696552
46,0.014641000000000003,0.014641000000000003,3.4528862853790683
47,0.016105100000000004,0.016105100000000004,3.461779175541483
48,0.016105100000000004,0.016105100000000004,3.4706258881711585
49,0.016105100000000004,0.016105100000000004,3.479425538604203
50,0.016105100000000004,0.016105100000000004,3.4881772468829078
51,0.016105100000000004,0.016105100000000004,3.496880137843737
52,0.016105100000000004,0.016105100000000004,3.5055333412048473
53,0.016105100000000004,0.016105100000000004,3.5141359916531134
54,0.016105100000000004,0.016105100000000004,3.5226872289306597
55,0.017715610000000007,0.017715610000000007,3.5311861979208836
56,0.017715610000000007,0.017715610000000007,3.5396320487339694
57,0.017715610000000007,0.017715610000000007,3.548023936791874
58,0.017715610000000007,0.017715610000000007,3.556361022912784
59,0.017715610000000007,0.017715610000000007,3.5646424733950357
60,0.017715610000000007,0.017715610000000007,3.5728674601004817
61,0.017715610000000007,0.017715610000000007,3.581035160537305
62,0.017715610000000007,0.017715610000000007,3.58914475794227
63,0.019487171000000008,0.019487171000000008,3.597195441362392
64,0.019487171000000008,0.019487171000000008,3.60518640573604
65,0.019487171000000008,0.019487171000000008,3.6131168519734342
66,0.019487171000000008,0.019487171000000008,3.62098598703656
67,0.019487171000000008,0.019487171000000008,3.628793024018469
68,0.019487171000000008,0.019487171000000008,3.6365371822219683
69,0.019487171000000008,0.019487171000000008,3.6442176872376915
70,0.019487171000000008,0.019487171000000008,3.651833771021537
71,0.021435888100000012,0.021435888100000012,3.6593846719714733
72,0.021435888100000012,0.021435888100000012,3.6668696350036982
73,0.021435888100000012,0.021435888100000012,3.6742879116281455
74,0.021435888100000012,0.021435888100000012,3.6816387600233345
75,0.021435888100000012,0.021435888100000012,3.6889214451105516
76,0.021435888100000012,0.021435888100000012,3.696135238627357
77,0.021435888100000012,0.021435888100000012,3.7032794192004106
78,0.021435888100000012,0.021435888100000012,3.710353272417608
79,0.023579476910000015,0.023579476910000015,3.717356090899523
80,0.023579476910000015,0.023579476910000015,3.7242871743701427
81,0.023579476910000015,0.023579476910000015,3.7311458297268962
82,0.023579476910000015,0.023579476910000015,3.737931371109963
83,0.023579476910000015,0.023579476910000015,3.74464311997086
84,0.023579476910000015,0.023579476910000015,3.7512804051402933
85,0.023579476910000015,0.023579476910000015,3.757842562895277
86,0.023579476910000015,0.023579476910000015,3.7643289370255055
87,0.025937424601000018,0.025937424601000018,3.7707388788989697
88,0.025937424601000018,0.025937424601000018,3.7770717475268243
89,0.025937424601000018,0.025937424601000018,3.7833269096274837
90,0.025937424601000018,0.025937424601000018,3.789503739689951
91,0.025937424601000018,0.025937424601000018,3.7956016200363663
92,0.025937424601000018,0.025937424601000018,3.8016199408837776
93,0.025937424601000018,0.025937424601000018,3.8075581004051147
94,0.025937424601000018,0.025937424601000018,3.813415504789374
95,0.02853116706110002,0.02853116706110002,3.8191915683009987
96,0.02853116706110002,0.02853116706110002,3.8248857133384506
97,0.02853116706110002,0.02853116706110002,3.8304973704919707
98,0.02853116706110002,0.02853116706110002,3.836025978600521
99,0.02853116706110002,0.02853116706110002,3.8414709848078967
100,0.02853116706110002,0.02853116706110002,3.8468318446180154
101,0.02853116706110002,0.02853116706110002,3.8521080219493635
102,0.02853116706110002,0.02853116706110002,3.8572989891886036
103,0.031384283767210024,0.031384283767210024,3.8624042272433385
104,0.031384283767210024,0.031384283767210024,3.8674232255940173
105,0.031384283767210024,0.031384283767210024,3.872355482344987
106,0.031384283767210024,0.031384283767210024,3.8772005042746818
107,0.031384283767210024,0.031384283767210024,3.881957806884948
108,0.031384283767210024,0.031384283767210024,3.8866269144494874
109,0.031384283767210024,0.031384283767210024,3.8912073600614354
110,0.031384283767210024,0.031384283767210024,3.895698685680048
111,0.03452271214393103,0.03452271214393103,3.9001004421765053
112,0.03452271214393103,0.03452271214393103,3.904412189378826
113,0.03452271214393103,0.03452271214393103,3.9086334961158835
114,0.03452271214393103,0.03452271214393103,3.9127639402605214
115,0.03452271214393103,0.03452271214393103,3.9168031087717674
116,0.03452271214393103,0.03452271214393103,3.920750597736136
117,0.03452271214393103,0.03452271214393103,3.9246060124080206
118,0.03452271214393103,0.03452271214393103,3.928368967249167
119,0.03797498335832414,0.03797498335832414,3.9320390859672267
120,0.03797498335832414,0.03797498335832414,3.9356160015533863
121,0.03797498335832414,0.03797498335832414,3.939099356319068
122,0.03797498335832414,0.03797498335832414,3.942488801931698
123,0.03797498335832414,0.03797498335832414,3.945783999449539
124,0.03797498335832414,0.03797498335832414,3.9489846193555866
125,0.03797498335832414,0.03797498335832414,3.952090341590516
126,0.03797498335832414,0.03797498335832414,3.9551008555846927
127,0.04177248169415655,0.04177248169415655,3.9580158602892253
128,0.04177248169415655,0.04177248169415655,3.960835064206073
129,0.04177248169415655,0.04177248169415655,3.963558185417193
130,0.04177248169415655,0.04177248169415655,3.9661849516127345
131,0.04177248169415655,0.04177248169415655,3.9687151001182652
132,0.04177248169415655,0.04177248169415655,3.971148377921045
133,0.04177248169415655,0.04177248169415655,3.9734845416953197
134,0.04177248169415655,0.04177248169415655,3.9757233578266593
135,0.04594972986357221,0.04594972986357221,3.977864602435316
136,0.04594972986357221,0.04594972986357221,3.979908061398614
137,0.04594972986357221,0.04594972986357221,3.98185353037236
138,0.04594972986357221,0.04594972986357221,3.983700814811277
139,0.04594972986357221,0.04594972986357221,3.9854497299884604
140,0.04594972986357221,0.04594972986357221,3.9871001010138505
141,0.04594972986357221,0.04594972986357221,3.98865176285172
142,0.04594972986357221,0.04594972986357221,3.990104560337178
143,0.050544702849929436,0.050544702849929436,3.9914583481916868
144,0.050544702849929436,0.050544702849929436,3.9927129910375885
145,0.050544702849929436,0.050544702849929436,3.9938683634116448
146,0.050544702849929436,0.050544702849929436,3.9949243497775813
147,0.050544702849929436,0.050544702849929436,3.9958808445376404
148,0.050544702849929436,0.050544702849929436,3.9967377520431437
149,0.050544702849929436,0.050544702849929436,3.9974949866040546
150,0.050544702849929436,0.050544702849929436,3.9981524724975483
151,0.05559917313492239,0.05559917313492239,3.998710143975583
152,0.05559917313492239,0.05559917313492239,3.999167945271476
153,0.05559917313492239,0.05559917313492239,3.999525830605479
154,0.05559917313492239,0.05559917313492239,3.999783764189357
155,0.05559917313492239,0.05559917313492239,3.999941720229966
156,0.05559917313492239,0.05559917313492239,3.9999996829318345
157,0.05559917313492239,0.05559917313492239,3.99995764649874
158,0.05559917313492239,0.05559917313492239,3.999815615134291
159,0.06115909044841463,0.06115909044841463,3.999573603041505
160,0.06115909044841463,0.06115909044841463,3.9992316344213905
161,0.06115909044841463,0.06115909044841463,3.9987897434705237
162,0.06115909044841463,0.06115909044841463,3.9982479743776325
163,0.06115909044841463,0.06115909044841463,3.997606381319174
164,0.06115909044841463,0.06115909044841463,3.996865028453919
165,0.06115909044841463,0.06115909044841463,3.9960239899165364
166,0.06115909044841463,0.06115909044841463,3.99508334981018
167,0.0672749994932561,0.0672749994932561,3.9940432021980756
168,0.0672749994932561,0.0672749994932561,3.9929036510941183
169,0.0672749994932561,0.0672749994932561,3.9916648104524683
170,0.0672749994932561,0.0672749994932561,3.990326804156158
171,0.0672749994932561,0.0672749994932561,3.9888897660047014
172,0.0672749994932561,0.0672749994932561,3.987353839700716
173,0.0672749994932561,0.0672749994932561,3.985719178835553
174,0.0672749994932561,0.0672749994932561,3.9839859468739367
175,0.07400249944258172,0.07400249944258172,3.9821543171376184
176,0.07400249944258172,0.07400249944258172,3.9802244727880454
177,0.07400249944258172,0.07400249944258172,3.9781966068080443
178,0.07400249944258172,0.07400249944258172,3.976070921982524
179,0.07400249944258172,0.07400249944258172,3.973847630878195
180,0.07400249944258172,0.07400249944258172,3.971526955822315
181,0.07400249944258172,0.07400249944258172,3.969109128880456
182,0.07400249944258172,0.07400249944258172,3.966594391833297
183,0.0814027493868399,0.0814027493868399,3.9639829961524478
184,0.0814027493868399,0.0814027493868399,3.9612752029752993
185,0.0814027493868399,0.0814027493868399,3.958471283078914
186,0.0814027493868399,0.0814027493868399,3.9555715168529435
187,0.0814027493868399,0.0814027493868399,3.952576194271595
188,0.0814027493868399,0.0814027493868399,3.94948561486463
189,0.0814027493868399,0.0814027493868399,3.946300087687414
190,0.0814027493868399,0.0814027493868399,3.94301993129001
191,0.0895430243255239,0.0895430243255239,3.9396454736853244
192,0.0895430243255239,0.0895430243255239,3.9361770523163058
193,0.0895430243255239,0.0895430243255239,3.9326150140222
194,0.0895430243255239,0.0895430243255239,3.928959715003869
195,0.0895430243255239,0.0895430243255239,3.9252115207881677
196,0.0895430243255239,0.0895430243255239,3.921370806191395
197,0.0895430243255239,0.0895430243255239,3.9174379552818093
198,0.0895430243255239,0.0895430243255239,3.9134133613412247
199,0.09849732675807629,0.09849732675807629,3.909297426825681
200,0.09849732675807629,0.09849732675807629,3.9050905633252
201,0.09849732675807629,0.09849732675807629,3.900793191522627
202,0.09849732675807629,0.09849732675807629,3.8964057411515594
203,0.09849732675807629,0.09849732675807629,3.8919286509533793
204,0.09849732675807629,0.09849732675807629,3.8873623686333754
205,0.09849732675807629,0.09849732675807629,3.882707350815974
206,0.09849732675807629,0.09849732675807629,3.8779640629990784
207,0.09849732675807629,0.09849732675807629,3.873132979507517
208,0.10834705943388392,0.10834705943388392,3.8682145834456128
209,0.10834705943388392,0.10834705943388392,3.8632093666488743
210,0.10834705943388392,0.10834705943388392,3.8581178296348093
211,0.10834705943388392,0.10834705943388392,3.852940481552877
212,0.10834705943388392,0.10834705943388392,3.8476778401335707
213,0.10834705943388392,0.10834705943388392,3.842330431636647
214,0.10834705943388392,0.10834705943388392,3.836898790798499
215,0.10834705943388392,0.10834705943388392,3.8313834607786843
216,0.11918176537727232,0.11918176537727232,3.8257849931056094
217,0.11918176537727232,0.11918176537727232,3.8201039476213756
218,0.11918176537727232,0.11918176537727232,3.8143408924257978
219,0.11918176537727232,0.11918176537727232,3.808496403819592
220,0.11918176537727232,0.11918176537727232,3.802571066246749
221,0.11918176537727232,0.11918176537727232,3.7965654722360886
222,0.11918176537727232,0.11918176537727232,3.790480222342007
223,0.11918176537727232,0.11918176537727232,3.7843159250844223
224,0.13109994191499957,0.13109994191499957,3.7780731968879238
225,0.13109994191499957,0.13109994191499957,3.7717526620201287
226,0.13109994191499957,0.13109994191499957,3.7653549525292567
227,0.13109994191499957,0.13109994191499957,3.758880708180925
228,0.13109994191499957,0.13109994191499957,3.752330576394174
229,0.13109994191499957,0.13109994191499957,3.7457052121767234
230,0.13109994191499957,0.13109994191499957,3.7390052780594747
231,0.13109994191499957,0.13109994191499957,3.732231444030255
232,0.14420993610649954,0.14420993610649954,3.7253843874668235
233,0.14420993610649954,0.14420993610649954,3.7184647930691304
234,0.14420993610649954,0.14420993610649954,3.711473352790849
235,0.14420993610649954,0.14420993610649954,3.704410765770181
236,0.14420993610649954,0.14420993610649954,3.6972777382599427
237,0.14420993610649954,0.14420993610649954,3.6900749835569413
238,0.14420993610649954,0.14420993610649954,3.682803221930645
239,0.14420993610649954,0.14420993610649954,3.675463180551156
240,0.1586309297171495,0.1586309297171495,3.6680555934164967
241,0.1586309297171495,0.1586309297171495,3.6605812012792063
242,0.1586309297171495,0.1586309297171495,3.653040751572271
243,0.1586309297171495,0.1586309297171495,3.645434998334377
244,0.1586309297171495,0.1586309297171495,3.6377647021345103
245,0.1586309297171495,0.1586309297171495,3.6300306299958987
246,0.1586309297171495,0.1586309297171495,3.6222335553193115
247,0.1586309297171495,0.1586309297171495,3.6143742578057187
248,0.17449402268886446,0.17449402268886446,3.606453523378322
249,0.17449402268886446,0.17449402268886446,3.598472144103964
250,0.17449402268886446,0.17449402268886446,3.5904309181139205
251,0.17449402268886446,0.17449402268886446,3.58233064952409
252,0.17449402268886446,0.17449402268886446,3.5741721483545805
253,0.17449402268886446,0.17449402268886446,3.565956230448711
254,0.17449402268886446,0.17449402268886446,3.5576837173914253
255,0.17449402268886446,0.17449402268886446,3.5493554364271356
256,0.19194342495775094,0.19194342495775094,3.5409722203769975
257,0.19194342495775094,0.19194342495775094,3.5325349075556307
258,0.19194342495775094,0.19194342495775094,3.5240443416872855
259,0.19194342495775094,0.19194342495775094,3.515501371821474
260,0.19194342495775094,0.19194342495775094,3.5069068522480635
261,0.19194342495775094,0.19194342495775094,3.498261642411849
262,0.19194342495775094,0.19194342495775094,3.48956660682661
263,0.19194342495775094,0.19194342495775094,3.480822614988659
264,0.21113776745352605,0.21113776745352605,3.4720305412898935
265,0.21113776745352605,0.21113776745352605,3.4631912649303564
266,0.21113776745352605,0.21113776745352605,3.454305669830318
267,0.21113776745352605,0.21113776745352605,3.445374644541883
268,0.21113776745352605,0.21113776745352605,3.4363990821601385
269,0.21113776745352605,0.21113776745352605,3.4273798802338424
270,0.21113776745352605,0.21113776745352605,3.4183179406756716
271,0.21113776745352605,0.21113776745352605,3.40921416967203
272,0.23225154419887867,0.23225154419887867,3.4000694775924325
273,0.23225154419887867,0.23225154419887867,3.3908847788984655
274,0.23225154419887867,0.23225154419887867,3.3816609920523453
275,0.23225154419887867,0.23225154419887867,3.372399039425069
276,0.23225154419887867,0.23225154419887867,3.3630998472041824
277,0.23225154419887867,0.23225154419887867,3.3537643453011574
278,0.23225154419887867,0.23225154419887867,3.3443934672584046
279,0.23225154419887867,0.23225154419887867,3.3349881501559198
280,0.25547669861876654,0.25547669861876654,3.325549334517575
281,0.25547669861876654,0.25547669861876654,3.316077964217069
282,0.25547669861876654,0.25547669861876654,3.3065749863835388
283,0.25547669861876654,0.25547669861876654,3.297041351306848
284,0.25547669861876654,0.25547669861876654,3.2874780123425604
285,0.25547669861876654,0.25547669861876654,3.277885925816603
286,0.25547669861876654,0.25547669861876654,3.2682660509296344
287,0.25547669861876654,0.25547669861876654,3.2586193496611275
288,0.2810243684806432,0.2810243684806432,3.24894678667317
289,0.2810243684806432,0.2810243684806432,3.2392493292139997
290,0.2810243684806432,0.2810243684806432,3.229527947021282
291,0.2810243684806432,0.2810243684806432,3.2197836122251347
292,0.2810243684806432,0.2810243684806432,3.2100172992509175
293,0.2810243684806432,0.2810243684806432,3.2002299847217888
294,0.2810243684806432,0.2810243684806432,3.190422647361046
295,0.2810243684806432,0.2810243684806432,3.1805962678942516
296,0.30912680532870757,0.30912680532870757,3.1707518289511647
297,0.30912680532870757,0.30912680532870757,3.160890314967475
298,0.30912680532870757,0.30912680532870757,3.151012712086364
299,0.30912680532870757,0.30912680532870757,3.141120008059887
300,0.30912680532870757,0.30912680532870757,3.131213192150204
301,0.30912680532870757,0.30912680532870757,3.12129325503065
302,0.30912680532870757,0.30912680532870757,3.1113611886866703
303,0.30912680532870757,0.30912680532870757,3.1014179863166227
304,0.34003948586157834,0.34003948586157834,3.091464642232458
305,0.34003948586157834,0.34003948586157834,3.0815021517602905
306,0.34003948586157834,0.34003948586157834,3.071531511140865
307,0.34003948586157834,0.34003948586157834,3.061553717429935
308,0.34003948586157834,0.34003948586157834,3.0515697683985565
309,0.34003948586157834,0.34003948586157834,3.041580662433313
310,0.34003948586157834,0.34003948586157834,3.0315873984364763
311,0.34003948586157834,0.34003948586157834,3.021590975726119
312,0.3740434344477362,0.3740434344477362,3.011592393936181
313,0.3740434344477362,0.3740434344477362,3.00159265291651
314,0.3740434344477362,0.3740434344477362,2.9915927526328745
315,0.3740434344477362,0.3740434344477362,2.9815936930669698
316,0.3740434344477362,0.3740434344477362,2.97159647411642
317,0.3740434344477362,0.3740434344477362,2.9616020954947886
318,0.3740434344477362,0.3740434344477362,2.95161155663161
319,0.3740434344477362,0.3740434344477362,2.9416258565724442
320,0.41144777789250986,0.41144777789250986,2.9316459938789765
321,0.41144777789250986,0.41144777789250986,2.9216729665291594
322,0.41144777789250986,0.41144777789250986,2.9117077718174174
323,0.41144777789250986,0.41144777789250986,2.9017514062549163
324,0.41144777789250986,0.41144777789250986,2.8918048654699167
325,0.41144777789250986,0.41144777789250986,2.8818691441082076
326,0.41144777789250986,0.41144777789250986,2.8719452357336457
327,0.41144777789250986,0.41144777789250986,2.8620341327287986
328,0.4525925556817609,0.4525925556817609,2.852136826195707
329,0.4525925556817609,0.4525925556817609,2.8422543058567777
330,0.4525925556817609,0.4525925556817609,2.8323875599558077
331,0.4525925556817609,0.4525925556817609,2.822537575159166
332,0.4525925556817609,0.4525925556817609,2.8127053364571233
333,0.4525925556817609,0.4525925556817609,2.802891827065357
334,0.4525925556817609,0.4525925556817609,2.7930980283266273
335,0.4525925556817609,0.4525925556817609,2.7833249196126473
336,0.497851811249937,0.497851811249937,2.773573478226144
337,0.497851811249937,0.497851811249937,2.7638446793031304
338,0.497851811249937,0.497851811249937,2.7541394957153904
339,0.497851811249937,0.497851811249937,2.744458897973196
340,0.497851811249937,0.497851811249937,2.7348038541282547
341,0.497851811249937,0.497851811249937,2.7251753296769037
342,0.497851811249937,0.497851811249937,2.7155742874635656
343,0.497851811249937,0.497851811249937,2.7060016875844606
344,0.5476369923749307,0.5476369923749307,2.696458487291599
345,0.5476369923749307,0.5476369923749307,2.686945640897058
346,0.5476369923749307,0.5476369923749307,2.6774640996775494
347,0.5476369923749307,0.5476369923749307,2.6680148117792943
348,0.5476369923749307,0.5476369923749307,2.658598722123208
349,0.5476369923749307,0.5476369923749307,2.649216772310409
350,0.5476369923749307,0.5476369923749307,2.6398699005280606
351,0.5476369923749307,0.5476369923749307,2.6305590414555517
352,0.6024006916124238,0.6024006916124238,2.6212851261710313
353,0.6024006916124238,0.6024006916124238,2.6120490820582987
354,0.6024006916124238,0.6024006916124238,2.602851832714069
355,0.6024006916124238,0.6024006916124238,2.5936942978556123
356,0.6024006916124238,0.6024006916124238,2.584577393228783
357,0.6024006916124238,0.6024006916124238,2.575502030516447
358,0.6024006916124238,0.6024006916124238,2.5664691172473115
359,0.6024006916124238,0.6024006916124238,2.557479556705177
360,0.6626407607736663,0.6626407607736663,2.548534247838606
361,0.6626407607736663,0.6626407607736663,2.5396340851710315
362,0.6626407607736663,0.6626407607736663,2.5307799587113022
363,0.6626407607736663,0.6626407607736663,2.521972753864687
364,0.6626407607736663,0.6626407607736663,2.51321335134433
365,0.6626407607736663,0.6626407607736663,2.504502627083185
366,0.6626407607736663,0.6626407607736663,2.495841452146418
367,0.6626407607736663,0.6626407607736663,2.4872306926443057
368,0.728904836851033,0.728904836851033,2.478671209645623
369,0.728904836851033,0.728904836851033,2.4701638590915365
370,0.728904836851033,0.728904836851033,2.461709491710012
371,0.728904836851033,0.728904836851033,2.4533089529307426
372,0.728904836851033,0.728904836851033,2.444963082800606
373,0.728904836851033,0.728904836851033,2.4366727158996597
374,0.728904836851033,0.728904836851033,2.4284386812576857
375,0.728904836851033,0.728904836851033,2.4202618022712867
376,0.8017953205361363,0.8017953205361363,2.4121428966215466
377,0.8017953205361363,0.8017953205361363,2.4040827761922654
378,0.8017953205361363,0.8017953205361363,2.396082246988769
379,0.8017953205361363,0.8017953205361363,2.38814210905731
380,0.8017953205361363,0.8017953205361363,2.380263156405066
381,0.8017953205361363,0.8017953205361363,2.372446176920736
382,0.8017953205361363,0.8017953205361363,2.3646919522957535
383,0.8017953205361363,0.8017953205361363,2.35700125794612
384,0.8819748525897501,0.8819748525897501,2.3493748629348614
385,0.8819748525897501,0.8819748525897501,2.341813529895124
386,0.8819748525897501,0.8819748525897501,2.33431801495391
387,0.8819748525897501,0.8819748525897501,2.3268890676564666
388,0.8819748525897501,0.8819748525897501,2.3195274308913345
389,0.8819748525897501,0.8819748525897501,2.3122338408160545
390,0.8819748525897501,0.8819748525897501,2.3050090267835563
391,0.8819748525897501,0.8819748525897501,2.2978537112692226
392,0.9701723378487251,0.9701723378487251,2.290768609798642
393,0.9701723378487251,0.9701723378487251,2.2837544308760576
394,0.9701723378487251,0.9701723378487251,2.276811875913516
395,0.9701723378487251,0.9701723378487251,2.269941639160728
396,0.9701723378487251,0.9701723378487251,2.2631444076356444
397,0.9701723378487251,0.9701723378487251,2.256420861055753
398,0.9701723378487251,0.9701723378487251,2.2497716717701084
399,0.9701723378487251,0.9701723378487251,2.2431975046920987
400,1.0671895716335977,1.0671895716335977,2.236699017232953
401,1.0671895716335977,1.0671895716335977,2.2302768592360023
402,1.0671895716335977,1.0671895716335977,2.223931672911694
403,1.0671895716335977,1.0671895716335977,2.217664092773373
404,1.0671895716335977,1.0671895716335977,2.2114747455738306
405,1.0671895716335977,1.0671895716335977,2.2053642502426287
406,1.0671895716335977,1.0671895716335977,2.1993332178242078
407,1.0671895716335977,1.0671895716335977,2.193382251416785
408,1.1739085287969575,1.1739085287969575,2.187511946112041
409,1.1739085287969575,1.1739085287969575,2.181722888935614
410,1.1739085287969575,1.1739085287969575,2.176015658788399
411,1.1739085287969575,1.1739085287969575,2.1703908263886538
412,1.1739085287969575,1.1739085287969575,2.1648489542149303
413,1.1739085287969575,1.1739085287969575,2.1593905964498292
414,1.1739085287969575,1.1739085287969575,2.154016298924577
415,1.1739085287969575,1.1739085287969575,2.1487265990644486
416,1.2912993816766534,1.2912993816766534,2.143522025835022
417,1.2912993816766534,1.2912993816766534,2.138403099689282
418,1.2912993816766534,1.2912993816766534,2.1333703325155784
419,1.2912993816766534,1.2912993816766534,2.128424227586434
420,1.2912993816766534,1.2912993816766534,2.1235652795082203
421,1.2912993816766534,1.2912993816766534,2.1187939741716963
422,1.2912993816766534,1.2912993816766534,2.1141107887034187
423,1.2912993816766534,1.2912993816766534,2.1095161914180327
424,1.4204293198443187,1.4204293198443187,2.105010641771437
425,1.4204293198443187,1.4204293198443187,2.1005945903148424
426,1.4204293198443187,1.4204293198443187,2.0962684786497143
427,1.4204293198443187,1.4204293198443187,2.0920327393836144
428,1.4204293198443187,1.4204293198443187,2.087887796086939
429,1.4204293198443187,1.4204293198443187,2.083834063250564
430,1.4204293198443187,1.4204293198443187,2.0798719462443946
431,1.4204293198443187,1.4204293198443187,2.07600184127683
432,1.5624722518287508,1.5624722518287508,2.0722241353551425
433,1.5624722518287508,1.5624722518287508,2.0685392062467747
434,1.5624722518287508,1.5624722518287508,2.064947422441568
435,1.5624722518287508,1.5624722518287508,2.061449143114909
436,1.5624722518287508,1.5624722518287508,2.0580447180918156
437,1.5624722518287508,1.5624722518287508,2.0547344878119524
438,1.5624722518287508,1.5624722518287508,2.05151878329559
439,1.5624722518287508,1.5624722518287508,2.048397926110499
440,1.718719477011626,1.718719477011626,2.0453722283397986
441,1.718719477011626,1.718719477011626,2.042441992550743
442,1.718719477011626,1.718719477011626,2.0396075117644705
443,1.718719477011626,1.718719477011626,2.036869069426697
444,1.718719477011626,1.718719477011626,2.034226939379374
445,1.718719477011626,1.718719477011626,2.0316813858333056
446,1.718719477011626,1.718719477011626,2.029232663341724
447,1.718719477011626,1.718719477011626,2.026881016774838
448,1.8905914247127888,1.8905914247127888,2.024626681295345
449,1.8905914247127888,1.8905914247127888,2.0224698823349136
450,1.8905914247127888,1.8905914247127888,2.0204108355716435
451,1.8905914247127888,1.8905914247127888,2.0184497469084945
452,1.8905914247127888,1.8905914247127888,2.0165868124526987
453,1.8905914247127888,1.8905914247127888,2.0148222184961497
454,1.8905914247127888,1.8905914247127888,2.013156141496772
455,1.8905914247127888,1.8905914247127888,2.0115887480608774
456,2.010120194926504,2.0796505671840677,2.010120194926504
457,2.00875062894774,2.0796505671840677,2.00875062894774
458,2.007480187080043,2.0796505671840677,2.007480187080043
459,2.0063089963665415,2.0796505671840677,2.0063089963665415
460,2.00523717392533,2.0796505671840677,2.00523717392533
461,2.0042648269377596,2.0796505671840677,2.0042648269377596
462,2.003392052637719,2.0796505671840677,2.003392052637719
463,2.002618938301911,2.0796505671840677,2.002618938301911
464,2.001945561241124,2.2028808321321023,2.001945561241124
465,2.001371988792504,2.2028808321321023,2.001371988792504
466,2.0008982783128175,2.2028808321321023,2.0008982783128175
467,2.0005244771727178,2.2028808321321023,2.0005244771727178
468,2.000250622752007,2.2028808321321023,2.000250622752007
469,2.0000767424359,2.2028808321321023,2.0000767424359
470,2.000002853612282,2.2028808321321023,2.000002853612282
471,2.000002853612282,2.2028808321321023,2.0000289636699753
472,2.0000289636699753,2.2000031389735106,2.0001550699979944
473,2.0000289636699753,2.2000031389735106,2.000381159985813
474,2.0000289636699753,2.2000031389735106,2.00070721102462
475,2.0000289636699753,2.2000031389735106,2.001133190509583
476,2.0000289636699753,2.2000031389735106,2.001659055843109
477,2.0000289636699753,2.2000031389735106,2.0022847544391027
478,2.0000289636699753,2.2000031389735106,2.003010223728226
479,2.0000289636699753,2.2000031389735106,2.003835391164154
480,2.0038353911641593,2.200031860036973,2.0047601742308316
481,2.0038353911641593,2.200031860036973,2.005784480450722
482,2.0038353911641593,2.200031860036973,2.0069082073940576
483,2.0038353911641593,2.200031860036973,2.00813124268908
484,2.0038353911641593,2.200031860036973,2.0094534640332786
485,2.0038353911641593,2.200031860036973,2.0108747392056214
486,2.0038353911641593,2.200031860036973,2.012394926079775
487,2.0038353911641593,2.200031860036973,2.0140138726383197
488,2.01401387263833,2.2042189302805753,2.015731416987948
489,2.01401387263833,2.2042189302805753,2.0175473873756564
490,2.01401387263833,2.2042189302805753,2.0194616022059195
491,2.01401387263833,2.2042189302805753,2.0214738700588493
492,2.01401387263833,2.2042189302805753,2.023583989709337
493,2.01401387263833,2.2042189302805753,2.025791750147177
494,2.01401387263833,2.2042189302805753,2.028096930598165
495,2.01401387263833,2.2042189302805753,2.0304993005461762
496,2.0304993005461918,2.215415259902163,2.0329986197562184
497,2.0304993005461918,2.215415259902163,2.035594638298453
498,2.0304993005461918,2.215415259902163,2.0382870965731894
499,2.0304993005461918,2.215415259902163,2.041075725336844
500,2.0304993005461918,2.215415259902163,2.0439602457288637
501,2.0304993005461918,2.215415259902163,2.0469403692996133
502,2.0304993005461918,2.215415259902163,2.0500157980392197
503,2.0304993005461918,2.215415259902163,2.053186224407371
504,2.053186224407392,2.2335492306008113,2.0564513313640727
505,2.053186224407392,2.2335492306008113,2.05981079240135
506,2.053186224407392,2.2335492306008113,2.063264271575899
507,2.053186224407392,2.2335492306008113,2.0668114235426795
508,2.053186224407392,2.2335492306008113,2.0704518935894516
509,2.053186224407392,2.2335492306008113,2.074185317672243
510,2.053186224407392,2.2335492306008113,2.0780113224517587
511,2.053186224407392,2.2335492306008113,2.0819295253307075
512,2.081929525330734,2.2585048468481315,2.085939534492067
513,2.081929525330734,2.2585048468481315,2.0900409489382623
514,2.081929525330734,2.2585048468481315,2.094233358531268
515,2.081929525330734,2.2585048468481315,2.0985163440336168
516,2.081929525330734,2.2585048468481315,2.1028894771503284
517,2.081929525330734,2.2585048468481315,2.107352320571736
518,2.081929525330734,2.2585048468481315,2.111904428017215
519,2.081929525330734,2.2585048468481315,2.1165453442798157
520,2.116545344279848,2.290122477863808,2.121274605271778
521,2.116545344279848,2.290122477863808,2.1260917380709454
522,2.116545344279848,2.290122477863808,2.1309962609680504
523,2.116545344279848,2.290122477863808,2.135987683514892
524,2.116545344279848,2.290122477863808,2.1410655065733732
525,2.116545344279848,2.290122477863808,2.1462292223654216
526,2.116545344279848,2.290122477863808,2.15147831452376
527,2.116545344279848,2.290122477863808,2.1568122581435465
528,2.1568122581435847,2.3281998787078333,2.162230519834865
529,2.1568122581435847,2.3281998787078333,2.167732557776061
530,2.1568122581435847,2.3281998787078333,2.173317821767925
531,2.1568122581435847,2.3281998787078333,2.178985753288713
532,2.1568122581435847,2.3281998787078333,2.1847357855499965
533,2.1568122581435847,2.3281998787078333,2.1905673435533397
534,2.1568122581435847,2.3281998787078333,2.196479844147803
535,2.1568122581435847,2.3281998787078333,2.2024726960882535
536,2.2024726960882974,2.3724934839579435,2.208545300094491
537,2.2024726960882974,2.3724934839579435,2.214697048911176
538,2.2024726960882974,2.3724934839579435,2.220927327368553
539,2.2024726960882974,2.3724934839579435,2.2272355124439676
540,2.2024726960882974,2.3724934839579435,2.23362097332417
541,2.2024726960882974,2.3724934839579435,2.240083071468393
542,2.2024726960882974,2.3724934839579435,2.246621160672207
543,2.2024726960882974,2.3724934839579435,2.2532345871321398
544,2.2532345871321895,2.4227199656971274,2.259922689511057
545,2.2532345871321895,2.4227199656971274,2.2666847990042944
546,2.2532345871321895,2.4227199656971274,2.2735202394065377
547,2.2532345871321895,2.4227199656971274,2.280428327179442
548,2.2532345871321895,2.4227199656971274,2.2874083715199873
549,2.2532345871321895,2.4227199656971274,2.2944596744295565
550,2.2532345871321895,2.4227199656971274,2.3015815307837344
551,2.2532345871321895,2.4227199656971274,2.30877322840282
552,2.3087732284028757,2.478558045845409,2.3160340481230457
553,2.3087732284028757,2.478558045845409,2.323363263868489
554,2.3087732284028757,2.478558045845409,2.3307601427236833
555,2.3087732284028757,2.478558045845409,2.338223945006907
556,2.3087732284028757,2.478558045845409,2.345753924344152
557,2.3087732284028757,2.478558045845409,2.35334932774376
558,2.3087732284028757,2.478558045845409,2.3610093956717186
559,2.3087732284028757,2.478558045845409,2.3687333621276205
560,2.3687333621276814,2.5396505512431635,2.3765204547212555
561,2.3687333621276814,2.5396505512431635,2.384369894749854
562,2.3687333621276814,2.5396505512431635,2.3922808972759544
563,2.3687333621276814,2.5396505512431635,2.400252671205896
564,2.3687333621276814,2.5396505512431635,2.408284419368929
565,2.3687333621276814,2.5396505512431635,2.416375338596931
566,2.3687333621276814,2.5396505512431635,2.4245246198047203
567,2.3687333621276814,2.5396505512431635,2.4327314480709683
568,2.432731448071034,2.60560669834045,2.440995002719687
569,2.432731448071034,2.60560669834045,2.449314457402298
570,2.432731448071034,2.60560669834045,2.4576889801802655
571,2.432731448071034,2.60560669834045,2.4661177336082902
572,2.432731448071034,2.60560669834045,2.4745998748180544
573,2.432731448071034,2.60560669834045,2.483134555602504
574,2.432731448071034,2.60560669834045,2.4917209225006745
575,2.432731448071034,2.60560669834045,2.50035811688303
576,2.500358116883101,2.6760045928781375,2.50904527503733
577,2.500358116883101,2.6760045928781375,2.517781528254999
578,2.500358116883101,2.6760045928781375,2.5265660029179955
579,2.500358116883101,2.6760045928781375,2.5353978205861725
580,2.500358116883101,2.6760045928781375,2.544276098085124
581,2.500358116883101,2.6760045928781375,2.5531999475944986
582,2.500358116883101,2.6760045928781375,2.5621684767367814
583,2.500358116883101,2.6760045928781375,2.571180788666532
584,2.571180788666607,2.750393928571411,2.580235982160068
585,2.571180788666607,2.750393928571411,2.5893331517055853
586,2.571180788666607,2.750393928571411,2.5984713875937113
587,2.571180788666607,2.750393928571411,2.607649776008472
588,2.571180788666607,2.750393928571411,2.616867399118674
589,2.571180788666607,2.750393928571411,2.626123335169688
590,2.571180788666607,2.750393928571411,2.6354166585756227
591,2.571180788666607,2.750393928571411,2.6447464400118808
592,2.6447464400119607,2.828298867533268,2.6541117465080943
593,2.6447464400119607,2.828298867533268,2.663511641541418
594,2.6447464400119607,2.828298867533268,2.6729451851301813
595,2.6447464400119607,2.828298867533268,2.6824114339278866
596,2.6447464400119607,2.828298867533268,2.6919094413175433
597,2.6447464400119607,2.828298867533268,2.701438257506327
598,2.6447464400119607,2.828298867533268,2.710996929620559
599,2.6447464400119607,2.828298867533268,2.720584501800994
600,2.7205845018010777,2.909221084013157,2.7302000152984034
601,2.7205845018010777,2.909221084013157,2.7398425085694504
602,2.7205845018010777,2.909221084013157,2.7495110173728436
603,2.7205845018010777,2.909221084013157,2.759204574865759
604,2.7205845018010777,2.909221084013157,2.7689222117005254
605,2.7205845018010777,2.909221084013157,2.778662956121558
606,2.7205845018010777,2.909221084013157,2.7884258340625316
607,2.7205845018010777,2.909221084013157,2.7982098692437876
608,2.7982098692438746,2.992642951981186,2.808014083269961
609,2.7982098692438746,2.992642951981186,2.8178374957278205
610,2.7982098692438746,2.992642951981186,2.827679124284305
611,2.7982098692438746,2.992642951981186,2.8375379847847606
612,2.7982098692438746,2.992642951981186,2.8474130913513536
613,2.7982098692438746,2.992642951981186,2.857303456481656
614,2.7982098692438746,2.992642951981186,2.867208091147397
615,2.7982098692438746,2.992642951981186,2.8771260048933636
616,2.8771260048934533,3.078030856168262,2.887056205936446
617,2.8771260048934533,3.078030856168262,2.8969977012648154
618,2.8771260048934533,3.078030856168262,2.9069494967372234
619,2.8771260048934533,3.078030856168262,2.916910597182416
620,2.8771260048934533,3.078030856168262,2.9268800064986493
621,2.8771260048934533,3.078030856168262,2.9368567277532995
622,2.8771260048934533,3.078030856168262,2.946839763282555
623,2.8771260048934533,3.078030856168262,2.9568281147911826
624,2.956828114791275,3.164838605382799,2.9668207834523543
625,2.956828114791275,3.164838605382799,2.976816770007532
626,2.956828114791275,3.164838605382799,2.986815074866389
627,2.956828114791275,3.164838605382799,2.9968146982067725
628,2.956828114791275,3.164838605382799,3.0068146400746807
629,2.956828114791275,3.164838605382799,3.01681390048426
630,2.956828114791275,3.164838605382799,3.0268114795178027
631,2.956828114791275,3.164838605382799,3.0368063774257363
632,3.0368063774258305,3.2525109262704026,3.0467975947265993
633,3.0368063774258305,3.2525109262704026,3.0567841323069875
634,3.0368063774258305,3.2525109262704026,3.066764991521465
635,3.0368063774258305,3.2525109262704026,3.0767391742924275
636,3.0368063774258305,3.2525109262704026,3.0867056832099102
637,3.0368063774258305,3.2525109262704026,3.096663521631326
638,3.0368063774258305,3.2525109262704026,3.1066116937811317
639,3.0368063774258305,3.2525109262704026,3.116549204850402
640,3.116549204850497,3.3404870151684136,3.1264750610963112
641,3.116549204850497,3.3404870151684136,3.136388269941506
642,3.116549204850497,3.3404870151684136,3.1462878400733634
643,3.116549204850497,3.3404870151684136,3.1561727815431198
644,3.116549204850497,3.3404870151684136,3.1660421058648653
645,3.116549204850497,3.3404870151684136,3.175894826114392
646,3.116549204850497,3.3404870151684136,3.185729957027886
647,3.116549204850497,3.3404870151684136,3.195546515100452
648,3.1955465151005478,3.428204125335547,3.2053435186844625
649,3.1955465151005478,3.428204125335547,3.2151199880877237
650,3.1955465151005478,3.428204125335547,3.224874945671442
651,3.1955465151005478,3.428204125335547,3.2346074159479885
652,3.1955465151005478,3.428204125335547,3.2443164256784454
653,3.1955465151005478,3.428204125335547,3.254001003969931
654,3.1955465151005478,3.428204125335547,3.2636601823726865
655,3.1955465151005478,3.428204125335547,3.273292994976921
656,3.273292994977017,3.5151011666106027,3.282898478509401
657,3.273292994977017,3.5151011666106027,3.292475672429778
658,3.273292994977017,3.5151011666106027,3.3020236190266408
659,3.273292994977017,3.5151011666106027,3.3115413635132867
660,3.273292994977017,3.5151011666106027,3.321027954123198
661,3.273292994977017,3.5151011666106027,3.3304824422052195
662,3.273292994977017,3.5151011666106027,3.3399038823184215
663,3.273292994977017,3.5151011666106027,3.349291332326644
664,3.349291332326739,3.600622294474719,3.358643853492709
665,3.349291332326739,3.600622294474719,3.367960510572294
666,3.349291332326739,3.600622294474719,3.3772403719074537
667,3.349291332326739,3.600622294474719,3.386482509519789
668,3.349291332326739,3.600622294474719,3.3956859992032404
669,3.349291332326739,3.600622294474719,3.4048499206165084
670,3.349291332326739,3.600622294474719,3.413973357375088
671,3.349291332326739,3.600622294474719,3.4230553971429076
672,3.423055397143001,3.684220465559413,3.4320951317235573
673,3.423055397143001,3.684220465559413,3.441091657151113
674,3.423055397143001,3.684220465559413,3.450044073780529
675,3.423055397143001,3.684220465559413,3.458951486377602
676,3.423055397143001,3.684220465559413,3.4678130042084954
677,3.423055397143001,3.684220465559413,3.4766277411288113
678,3.423055397143001,3.684220465559413,3.4853948156722026
679,3.423055397143001,3.684220465559413,3.494113351138521
680,3.494113351138612,3.7653609368573013,3.502782475681485
681,3.494113351138612,3.7653609368573013,3.5114013223958653
682,3.494113351138612,3.7653609368573013,3.519969029404172
683,3.494113351138612,3.7653609368573013,3.528484739942845
684,3.494113351138612,3.7653609368573013,3.536947602447926
685,3.494113351138612,3.7653609368573013,3.5453567706402165
686,3.494113351138612,3.7653609368573013,3.553711403609906
687,3.494113351138612,3.7653609368573013,3.5620106659006585
688,3.562010665900747,3.8435246862524735,3.570253727593162
689,3.562010665900747,3.8435246862524735,3.5784397643881163
690,3.562010665900747,3.8435246862524735,3.586567957688663
691,3.562010665900747,3.8435246862524735,3.594637494682246
692,3.562010665900747,3.8435246862524735,3.60264756842189
693,3.562010665900747,3.8435246862524735,3.6105973779068967
694,3.562010665900747,3.8435246862524735,3.6184861281629424
695,3.562010665900747,3.8435246862524735,3.626313030321575
696,3.6263130303216595,3.918211732490822,3.634077301699101
697,3.6263130303216595,3.918211732490822,3.6417781658748534
698,3.6263130303216595,3.918211732490822,3.6494148527688317
699,3.6263130303216595,3.918211732490822,3.65698659871871
700,3.6263130303216595,3.918211732490822,3.6644926465562038
701,3.6263130303216595,3.918211732490822,3.671932245682784
702,3.6263130303216595,3.918211732490822,3.6793046521447375
703,3.6263130303216595,3.918211732490822,3.6866091287075617
704,3.6866091287076417,3.988944333353826,3.6938449449296877
705,3.6866091287076417,3.988944333353826,3.7010113772355226
706,3.6866091287076417,3.988944333353826,3.7081077089878085
707,3.6866091287076417,3.988944333353826,3.7151332305592835
708,3.6866091287076417,3.988944333353826,3.7220872394036446
709,3.6866091287076417,3.988944333353826,3.728969040125803
710,3.6866091287076417,3.988944333353826,3.7357779445514208
711,3.6866091287076417,3.988944333353826,3.7425132717957297
712,3.7425132717958047,4.055270041578406,3.7491743483316182
713,3.7425132717958047,4.055270041578406,3.7557605080569836
714,3.7425132717958047,4.055270041578406,3.762271092361341
715,3.7425132717958047,4.055270041578406,3.7687054501916863
716,3.7425132717958047,4.055270041578406,3.7750629381175984
717,3.7425132717958047,4.055270041578406,3.7813429203955824
718,3.7425132717958047,4.055270041578406,3.7875447690326434
719,3.7425132717958047,4.055270041578406,3.7936678638490866
720,3.793667863849156,4.116764598975386,3.7997115925405325
721,3.793667863849156,4.116764598975386,3.8056753507391488
722,3.793667863849156,4.116764598975386,3.8115585420740845
723,3.793667863849156,4.116764598975386,3.8173605782311095
724,3.793667863849156,4.116764598975386,3.823080879011443
725,3.793667863849156,4.116764598975386,3.8287188723897736
726,3.793667863849156,4.116764598975386,3.834273994571462
727,3.793667863849156,4.116764598975386,3.8397456900489195
728,3.839745690048982,4.173034650234071,3.845133411657158
729,3.839745690048982,4.173034650234071,3.850436620628506
730,3.839745690048982,4.173034650234071,3.855654786646486
731,3.839745690048982,4.173034650234071,3.860787387898845
732,3.839745690048982,4.173034650234071,3.8658339111297337
733,3.839745690048982,4.173034650234071,3.870793851691036
734,3.839745690048982,4.173034650234071,3.875666713592828
735,3.839745690048982,4.173034650234071,3.8804520095529806
736,3.8804520095530366,4.223720259053881,3.885149261045886
737,3.8804520095530366,4.223720259053881,3.889757998350308
738,3.8804520095530366,4.223720259053881,3.894277760596358
739,3.8804520095530366,4.223720259053881,3.898708095811577
740,3.8804520095530366,4.223720259053881,3.903048560966136
741,3.8804520095530366,4.223720259053881,3.9072987220171362
742,3.8804520095530366,4.223720259053881,3.9114581539520143
743,3.8804520095530366,4.223720259053881,3.9155264408310435
744,3.9155264408310915,4.2684972105083405,3.9195031758289254
745,3.9155264408310915,4.2684972105083405,3.923387961275475
746,3.9155264408310915,4.2684972105083405,3.927180408695384
747,3.9155264408310915,4.2684972105083405,3.9308801388470713
748,3.9155264408310915,4.2684972105083405,3.934486781760605
749,3.9155264408310915,4.2684972105083405,3.937999976774699
750,3.9155264408310915,4.2684972105083405,3.9414193725727795
751,3.9155264408310915,4.2684972105083405,3.9447446272181157
752,3.9447446272181557,4.307079084914201,3.9479754081880154
753,3.9447446272181557,4.307079084914201,3.951111392407073
754,3.9447446272181557,4.307079084914201,3.95415226627948
755,3.9447446272181557,4.307079084914201,3.9570977257203834
756,3.9447446272181557,4.307079084914201,3.9599474761862936
757,3.9447446272181557,4.307079084914201,3.9627012327045383
758,3.9447446272181557,4.307079084914201,3.9653587199017615
759,3.9447446272181557,4.307079084914201,3.967919672031457
760,3.9679196720314875,4.339219089939972,3.9703838330005463
761,3.9679196720314875,4.339219089939972,3.9727509563949863
762,3.9679196720314875,4.339219089939972,3.97502080550441
763,3.9679196720314875,4.339219089939972,3.977193153345798
764,3.9679196720314875,4.339219089939972,3.979267782686176
765,3.9679196720314875,4.339219089939972,3.9812444860643392
766,3.9679196720314875,4.339219089939972,3.983123065811597
767,3.9679196720314875,4.339219089939972,3.9849033340715403
768,3.9849033340715616,4.364711639234637,3.986585112818826
769,3.9849033340715616,4.364711639234637,3.988168233876982
770,3.9849033340715616,4.364711639234637,3.989652538935221
771,3.9849033340715616,4.364711639234637,3.991037879564274
772,3.9849033340715616,4.364711639234637,3.9923241172312327
773,3.9849033340715616,4.364711639234637,3.993511123313402
774,3.9849033340715616,4.364711639234637,3.9945987791111635
775,3.9849033340715616,4.364711639234637,3.9955869758598435
776,3.9955869758598554,4.383393667478718,3.99647561474059
777,3.9955869758598554,4.383393667478718,3.9972646068902566
778,3.9955869758598554,4.383393667478718,3.9979538734102853
779,3.9955869758598554,4.383393667478718,3.9985433453745984
780,3.9955869758598554,4.383393667478718,3.9990329638364903
781,3.9955869758598554,4.383393667478718,3.999422679834524
782,3.9955869758598554,4.383393667478718,3.999712454397423
783,3.9955869758598554,4.383393667478718,3.9999022585479733
784,3.9999022585479755,4.395145673445842,3.9999920733059184
785,3.9999022585479755,4.395145673445842,3.9999818896898565
786,3.999871708718141,4.395145673445842,3.999871708718141
787,3.9996615414087775,4.395145673445842,3.9996615414087775
788,3.9993514087783213,4.395145673445842,3.9993514087783213
789,3.9989413418397777,4.395145673445842,3.9989413418397777
790,3.9984313815994983,4.395145673445842,3.9984313815994983
791,3.9978215790530824,4.395145673445842,3.9978215790530824
792,3.9971119951802763,4.397603736958391,3.9971119951802763
793,3.9963027009388763,4.397603736958391,3.9963027009388763
794,3.995393777257632,4.397603736958391,3.995393777257632
795,3.9943853150281536,4.397603736958391,3.9943853150281536
796,3.9932774150958243,4.397603736958391,3.9932774150958243
797,3.9920701882497136,4.397603736958391,3.9920701882497136
798,3.9907637552115007,4.397603736958391,3.9907637552115007
799,3.9893582466234,4.397603736958391,3.9893582466234
800,3.9878538030350996,4.38829407128574,3.9878538030350996
801,3.986250574889705,4.38829407128574,3.986250574889705
802,3.984548722508693,4.38829407128574,3.984548722508693
803,3.9827484160758857,4.38829407128574,3.9827484160758857
804,3.9808498356204245,4.38829407128574,3.9808498356204245
805,3.9788531709987733,4.38829407128574,3.9788531709987733
806,3.976758621875731,4.38829407128574,3.976758621875731
807,3.974566397704464,4.38829407128574,3.974566397704464
808,3.972276717705562,4.372023037474911,3.972276717705562
809,3.9698898108451175,4.372023037474911,3.9698898108451175
810,3.9674059158118276,4.372023037474911,3.9674059158118276
811,3.964825280993125,4.372023037474911,3.964825280993125
812,3.962148164450342,4.372023037474911,3.962148164450342
813,3.959374833892901,4.372023037474911,3.959374833892901
814,3.956505566651547,4.372023037474911,3.956505566651547
815,3.9535406496506136,4.372023037474911,3.9535406496506136
816,3.950480379379329,4.348894714615676,3.950480379379329
817,3.9473250618621716,4.348894714615676,3.9473250618621716
818,3.9440750126282627,4.348894714615676,3.9440750126282627
819,3.940730556679817,4.348894714615676,3.940730556679817
820,3.9372920284596433,4.348894714615676,3.9372920284596433
821,3.933759771817698,4.348894714615676,3.933759771817698
822,3.930134139976701,4.348894714615676,3.930134139976701
823,3.9264154954968156,4.348894714615676,3.9264154954968156
824,3.922604210239391,4.319057045046497,3.922604210239391
825,3.9187006653297765,4.319057045046497,3.9187006653297765
826,3.914705251119211,4.319057045046497,3.914705251119211
827,3.910618367145785,4.319057045046497,3.910618367145785
828,3.9064404220944904,4.319057045046497,3.9064404220944904
829,3.9021718337563507,4.319057045046497,3.9021718337563507
830,3.897813028986643,4.319057045046497,3.897813028986643
831,3.893364443662212,4.319057045046497,3.893364443662212
832,3.888826522637882,4.282700888028433,3.888826522637882
833,3.884199719701975,4.282700888028433,3.884199719701975
834,3.879484497530928,4.282700888028433,3.879484497530928
835,3.87468132764303,4.282700888028433,3.87468132764303
836,3.8697906903512655,4.282700888028433,3.8697906903512655
837,3.86481307471529,4.282700888028433,3.86481307471529
838,3.859748978492517,4.282700888028433,3.859748978492517
839,3.8545989080883505,4.282700888028433,3.8545989080883505
840,3.8493633785055383,4.240058798897186,3.8493633785055383
841,3.8440429132926766,4.240058798897186,3.8440429132926766
842,3.8386380444918515,4.240058798897186,3.8386380444918515
843,3.833149312585441,4.240058798897186,3.833149312585441
844,3.8275772664420598,4.240058798897186,3.8275772664420598
845,3.8219224632616804,4.240058798897186,3.8219224632616804
846,3.8161854685199073,4.240058798897186,3.8161854685199073
847,3.810366855911435,4.240058798897186,3.810366855911435
848,3.804467207292675,4.191403541502579,3.804467207292675
849,3.7984871126235724,4.191403541502579,3.7984871126235724
850,3.7924271699086116,4.191403541502579,3.7924271699086116
851,3.7862879851370135,4.191403541502579,3.7862879851370135
852,3.78007017222214,4.191403541502579,3.78007017222214
853,3.7737743529401,4.191403541502579,3.7737743529401
854,3.7674011568675763,4.191403541502579,3.7674011568675763
855,3.760951221318864,4.191403541502579,3.760951221318864
856,3.7544251912821442,4.137046343450751,3.7544251912821442
857,3.7478237193549817,4.137046343450751,3.7478237193549817
858,3.7411474656790684,4.137046343450751,3.7411474656790684
859,3.7343970978742074,4.137046343450751,3.7343970978742074
860,3.727573290971555,4.137046343450751,3.727573290971555
861,3.720676727346114,4.137046343450751,3.720676727346114
862,3.7137080966485008,4.137046343450751,3.7137080966485008
863,3.706668095735977,4.137046343450751,3.706668095735977
864,3.6995574286027684,4.077334905309575,3.6995574286027684
865,3.6923768063096616,4.077334905309575,3.6923768063096616
866,3.685126946912903,4.077334905309575,3.685126946912903
867,3.67780857539239,4.077334905309575,3.67780857539239
868,3.6704224235791765,4.077334905309575,3.6704224235791765
869,3.6629692300822883,4.077334905309575,3.6629692300822883
870,3.6554497402148645,4.077334905309575,3.6554497402148645
871,3.6478647059196256,4.077334905309575,3.6478647059196256
872,3.6402148856936805,4.012651176511588,3.6402148856936805
873,3.632501044512676,4.012651176511588,3.632501044512676
874,3.6247239537543035,4.012651176511588,3.6247239537543035
875,3.6168843911211566,4.012651176511588,3.6168843911211566
876,3.608983140562966,4.012651176511588,3.608983140562966
877,3.6010209921982037,4.012651176511588,3.6010209921982037
878,3.592998742235071,4.012651176511588,3.592998742235071
879,3.5849171928918784,4.012651176511588,3.5849171928918784
880,3.576777152316826,3.9434089121810665,3.576777152316826
881,3.568579434507188,3.9434089121810665,3.568579434507188
882,3.5603248592279138,3.9434089121810665,3.5603248592279138
883,3.552014251929653,3.9434089121810665,3.552014251929653
884,3.5436484436662092,3.9434089121810665,3.5436484436662092
885,3.5352282710114378,3.9434089121810665,3.5352282710114378
886,3.526754575975587,3.9434089121810665,3.526754575975587
887,3.5182282059211,3.9434089121810665,3.5182282059211
888,3.5096500134778754,3.87005102651321,3.5096500134778754
889,3.5010208564580108,3.87005102651321,3.5010208564580108
890,3.492341597770016,3.87005102651321,3.492341597770016
891,3.4836131053325277,3.87005102651321,3.4836131053325277
892,3.4748362519875156,3.87005102651321,3.4748362519875156
893,3.466011915413,3.87005102651321,3.466011915413
894,3.4571409780352855,3.87005102651321,3.4571409780352855
895,3.448224326940717,3.87005102651321,3.448224326940717
896,3.439262853786973,3.7930467596347888,3.439262853786973
897,3.4302574547139018,3.7930467596347888,3.4302574547139018
898,3.4212090302539058,3.7930467596347888,3.4212090302539058
899,3.412118485241891,3.7930467596347888,3.412118485241891
900,3.4029867287247826,3.7930467596347888,3.4029867287247826
901,3.393814673870623,3.7930467596347888,3.393814673870623
902,3.384603237877254,3.7930467596347888,3.384603237877254
903,3.3753533418805994,3.7930467596347888,3.3753533418805994
904,3.3660659108625497,3.7128886760686597,3.3660659108625497
905,3.3567418735584678,3.7128886760686597,3.3567418735584678
906,3.347382162364314,3.7128886760686597,3.347382162364314
907,3.337987713243408,3.7128886760686597,3.337987713243408
908,3.328559465632833,3.7128886760686597,3.328559465632833
909,3.3190983623494934,3.7128886760686597,3.3190983623494934
910,3.3096053494958335,3.7128886760686597,3.3096053494958335
911,3.3000813763652275,3.7128886760686597,3.3000813763652275
912,3.2905273953470515,3.6300895140017504,3.2905273953470515
913,3.2809443618314464,3.6300895140017504,3.2809443618314464
914,3.271333234113778,3.6300895140017504,3.271333234113778
915,3.2616949732988085,3.6300895140017504,3.2616949732988085
916,3.252030543204587,3.6300895140017504,3.252030543204587
917,3.24234091026607,3.6300895140017504,3.24234091026607
918,3.2326270434384767,3.6300895140017504,3.2326270434384767
919,3.222889914100395,3.6300895140017504,3.222889914100395
920,3.213130495956644,3.5451789055104346,3.213130495956644
921,3.203349764940905,3.5451789055104346,3.203349764940905
922,3.19354869911813,3.5451789055104346,3.19354869911813
923,3.183728278586733,3.5451789055104346,3.183728278586733
924,3.173889485380584,3.5451789055104346,3.173889485380584
925,3.1640333033708044,3.5451789055104346,3.1640333033708044
926,3.154160718167381,3.5451789055104346,3.154160718167381
927,3.1442727170206086,3.5451789055104346,3.1442727170206086
928,3.1343702887223603,3.4586999887226697,3.1343702887223603
929,3.124454423507215,3.4586999887226697,3.124454423507215
930,3.1145261129534307,3.4586999887226697,3.1145261129534307
931,3.104586349883789,3.4586999887226697,3.104586349883789
932,3.094636128266314,3.4586999887226697,3.094636128266314
933,3.0846764431148754,3.4586999887226697,3.0846764431148754
934,3.074708290389689,3.4586999887226697,3.074708290389689
935,3.06473266689772,3.4586999887226697,3.06473266689772
936,3.054750570193005,3.3712059335874924,3.054750570193005
937,3.0447629984768962,3.3712059335874924,3.0447629984768962
938,3.0347709504982423,3.3712059335874924,3.0347709504982423
939,3.024775425453514,3.3712059335874924,3.024775425453514
940,3.0147774228868864,3.3712059335874924,3.0147774228868864
941,3.0047779425902847,3.3712059335874924,3.0047779425902847
942,2.9947779845034055,3.3712059335874924,2.9947779845034055
943,2.9847785486137246,3.3712059335874924,2.9847785486137246
944,2.9747806348564976,3.2832564034750975,2.9747806348564976
945,2.9647852430147688,3.2832564034750975,2.9647852430147688
946,2.954793372619393,3.2832564034750975,2.954793372619393
947,2.9448060228490833,3.2832564034750975,2.9448060228490833
948,2.9348241924304936,3.2832564034750975,2.9348241924304936
949,2.9248488795383483,3.2832564034750975,2.9248488795383483
950,2.9148810816956234,3.2832564034750975,2.9148810816956234
951,2.9049217956737965,3.2832564034750975,2.9049217956737965
952,2.8949720173931706,3.1954139752411765,2.8949720173931706
953,2.8850327418232826,3.1954139752411765,2.8850327418232826
954,2.8751049628834062,3.1954139752411765,2.8751049628834062
955,2.865189673343163,3.1954139752411765,2.865189673343163
956,2.855287864723244,3.1954139752411765,2.855287864723244
957,2.845400527196259,3.1954139752411765,2.845400527196259
958,2.8355286494877223,3.1954139752411765,2.8355286494877223
959,2.825673218777178,3.1954139752411765,2.825673218777178
960,2.815835220599484,3.108240540654896,2.815835220599484
961,2.80601563874626,3.108240540654896,2.80601563874626
962,2.796215455167508,3.108240540654896,2.796215455167508
963,2.786435649873419,3.108240540654896,2.786435649873419
964,2.7766772008363736,3.108240540654896,2.7766772008363736
965,2.7669410838931427,3.108240540654896,2.7669410838931427
966,2.7572282726473074,3.108240540654896,2.7572282726473074
967,2.7475397383718985,3.108240540654896,2.7475397383718985
968,2.737876449912269,3.0222937122090885,2.737876449912269
969,2.728239373589213,3.0222937122090885,2.728239373589213
970,2.718629473102332,3.0222937122090885,2.718629473102332
971,2.7090477094336656,3.0222937122090885,2.7090477094336656
972,2.6994950407515965,3.0222937122090885,2.6994950407515965
973,2.6899724223150323,3.0222937122090885,2.6899724223150323
974,2.680480806377881,3.0222937122090885,2.680480806377881
975,2.671021142093827,3.0222937122090885,2.671021142093827
976,2.6615943754214157,2.93812325630321,2.6615943754214157
977,2.6522014490294583,2.93812325630321,2.6522014490294583
978,2.642843302202767,2.93812325630321,2.642843302202767
979,2.6335208707482254,2.93812325630321,2.6335208707482254
980,2.6242350869012108,2.93812325630321,2.6242350869012108
981,2.6149868792323696,2.93812325630321,2.6149868792323696
982,2.6057771725547623,2.93812325630321,2.6057771725547623
983,2.5966068878313817,2.93812325630321,2.5966068878313817
984,2.587476942083058,2.85626757661452,2.587476942083058
985,2.5783882482967577,2.85626757661452,2.5783882482967577
986,2.5693417153342857,2.85626757661452,2.5693417153342857
987,2.5603382478414,2.85626757661452,2.5603382478414
988,2.5513787461573463,2.85626757661452,2.5513787461573463
989,2.542464106224827,2.85626757661452,2.542464106224827
990,2.533595219500407,2.85626757661452,2.533595219500407
991,2.524772972865367,2.85626757661452,2.524772972865367
992,2.5159982485370196,2.777250270151904,2.5159982485370196
993,2.5072719239804853,2.777250270151904,2.5072719239804853
994,2.498594871820947,2.777250270151904,2.498594871820947
995,2.489967959756391,2.777250270151904,2.489967959756391
996,2.4813920504708333,2.777250270151904,2.4813920504708333
997,2.4728680015480573,2.777250270151904,2.4728680015480573
998,2.464396665385851,2.777250270151904,2.464396665385851
999,2.4559788891107717,2.777250270151904,2.4559788891107717
